<manifest alg="2" build="2017.0.0.363" opt="true" iceEnabled="true" iceMarkupVersion="2" iceEnabledOptions="link,responsive,cachebuster" exportTarget="other" domain="PNT.COM" resolutions="1x" timestamp="1571500612328">
  <folder name="css">
    <file name="site_global.css" crc="443350757"/>
    <file name="master_a-master.css" crc="257136695" ref="index:ejercicio:estado:consulta:institucion"/>
    <file name="index.css" crc="349395399" ref="index"/>
    <file name="ejercicio.css" crc="483471991" ref="ejercicio"/>
    <file name="estado.css" crc="321365761" ref="estado"/>
    <file name="consulta.css" crc="451802070" ref="consulta"/>
    <file name="institucion.css" crc="66247533" ref="institucion"/>
  </folder>
  <folder name="scripts">
    <file name="jquery-1.8.3.min.js" crc="209076791" ref="index:estado:institucion:ejercicio:consulta"/>
    <file name="museutils.js" crc="163421577" ref="index:estado:institucion:ejercicio:consulta"/>
    <file name="whatinput.js" crc="86476730" ref="index:estado:institucion:ejercicio:consulta"/>
    <file name="museconfig.js" crc="36584860" ref="index:estado:institucion:ejercicio:consulta"/>
    <file name="jquery.watch.js" crc="104486786" ref="index:estado:institucion:ejercicio:consulta"/>
    <file name="jquery.musemenu.js" crc="146495465" ref="index:estado:institucion:ejercicio:consulta"/>
    <file name="html5shiv.js" crc="4241844378" ref="index:estado:institucion:ejercicio:consulta"/>
    <file name="require.js" crc="244322403" ref="index:estado:institucion:ejercicio:consulta"/>
  </folder>
  <folder name="images">
    <file name="logoheader.png" crc="3845071953" seo="true" ref="index:estado:institucion:ejercicio:consulta"/>
    <file name="arrowmenudown.png" crc="262559161" ref="index:estado:institucion:ejercicio:consulta"/>
    <file name="blank.gif" crc="4208392903" ref="index:estado:institucion:ejercicio:consulta"/>
    <file name="b1.png" crc="414239645" seo="true" ref="index"/>
    <file name="b2.png" crc="107865998" seo="true" ref="index"/>
    <file name="pasted image 1095x526.jpg" crc="351493945" seo="true" ref="consulta"/>
    <file name="pasted image 1210x743.jpg" crc="3871846809" seo="true" ref="consulta"/>
  </folder>
  <file name="index.html" crc="3773636349" seo="true" mt="1571495180625" redirect="true"/>
  <file name="estado.html" crc="3964192049" seo="true" mt="1571493172175" redirect="true"/>
  <file name="institucion.html" crc="436814073" seo="true" mt="1571493226135" redirect="true"/>
  <file name="ejercicio.html" crc="3944660815" seo="true" mt="1571493437225" redirect="true"/>
  <file name="consulta.html" crc="288995391" seo="true" mt="1571500269024" redirect="true"/>
</manifest>